,antecedent,consequent,support,confidence,lift
0,frozenset({'USO_Up'}),frozenset({'SPX_Up'}),0.382699868938401,1.0,3.473444613050076
1,frozenset({'SPX_Up'}),frozenset({'USO_Up'}),0.382699868938401,1.329286798179059,3.473444613050076
2,frozenset({'USO_Up'}),"frozenset({'GLD_Same', 'SPX_Up'})",0.4290083005679336,1.1210045662100458,2.6130136986301373
3,frozenset({'GLD_Same'}),"frozenset({'USO_Up', 'SPX_Up'})",0.4290083005679336,1.0,2.6130136986301373
4,frozenset({'SPX_Up'}),"frozenset({'USO_Up', 'GLD_Same'})",0.4290083005679336,1.4901365705614567,3.473444613050076
5,"frozenset({'USO_Up', 'GLD_Same'})",frozenset({'SPX_Up'}),0.4290083005679336,1.0,3.473444613050076
6,"frozenset({'USO_Up', 'SPX_Up'})",frozenset({'GLD_Same'}),0.4290083005679336,1.1210045662100458,2.6130136986301373
7,"frozenset({'GLD_Same', 'SPX_Up'})",frozenset({'USO_Up'}),0.4290083005679336,1.0,2.6130136986301373
8,frozenset({'USO_Up'}),"frozenset({'SLV_Up', 'GLD_Same', 'SPX_Up'})",0.3735255570117955,0.976027397260274,2.6130136986301373
9,frozenset({'SLV_Up'}),"frozenset({'USO_Up', 'GLD_Same', 'SPX_Up'})",0.3735255570117955,1.0,2.330957230142566
10,frozenset({'GLD_Same'}),"frozenset({'USO_Up', 'SLV_Up', 'SPX_Up'})",0.3735255570117955,0.870672097759674,2.330957230142566
11,frozenset({'SPX_Up'}),"frozenset({'USO_Up', 'SLV_Up', 'GLD_Same'})",0.3735255570117955,1.2974203338391501,3.473444613050076
12,"frozenset({'USO_Up', 'SLV_Up'})","frozenset({'GLD_Same', 'SPX_Up'})",0.3735255570117955,1.0,2.330957230142566
13,"frozenset({'USO_Up', 'GLD_Same'})","frozenset({'SLV_Up', 'SPX_Up'})",0.3735255570117955,0.870672097759674,2.330957230142566
14,"frozenset({'USO_Up', 'SPX_Up'})","frozenset({'SLV_Up', 'GLD_Same'})",0.3735255570117955,0.976027397260274,2.6130136986301373
15,"frozenset({'SLV_Up', 'GLD_Same'})","frozenset({'USO_Up', 'SPX_Up'})",0.3735255570117955,1.0,2.6130136986301373
16,"frozenset({'SLV_Up', 'SPX_Up'})","frozenset({'USO_Up', 'GLD_Same'})",0.3735255570117955,1.0,2.330957230142566
17,"frozenset({'GLD_Same', 'SPX_Up'})","frozenset({'USO_Up', 'SLV_Up'})",0.3735255570117955,0.870672097759674,2.330957230142566
18,"frozenset({'USO_Up', 'SLV_Up', 'GLD_Same'})",frozenset({'SPX_Up'}),0.3735255570117955,1.0,3.473444613050076
19,"frozenset({'USO_Up', 'SLV_Up', 'SPX_Up'})",frozenset({'GLD_Same'}),0.3735255570117955,1.0,2.330957230142566
20,"frozenset({'USO_Up', 'GLD_Same', 'SPX_Up'})",frozenset({'SLV_Up'}),0.3735255570117955,0.870672097759674,2.330957230142566
21,"frozenset({'SLV_Up', 'GLD_Same', 'SPX_Up'})",frozenset({'USO_Up'}),0.3735255570117955,1.0,2.6130136986301373
22,frozenset({'USO_Up'}),"frozenset({'SLV_Up', 'SPX_Up'})",0.3735255570117955,0.976027397260274,2.6130136986301373
23,frozenset({'SLV_Up'}),"frozenset({'USO_Up', 'SPX_Up'})",0.3735255570117955,1.0,2.6130136986301373
24,frozenset({'SPX_Up'}),"frozenset({'USO_Up', 'SLV_Up'})",0.3735255570117955,1.2974203338391501,3.473444613050076
25,"frozenset({'USO_Up', 'SLV_Up'})",frozenset({'SPX_Up'}),0.3735255570117955,1.0,3.473444613050076
26,"frozenset({'USO_Up', 'SPX_Up'})",frozenset({'SLV_Up'}),0.3735255570117955,0.976027397260274,2.6130136986301373
27,"frozenset({'SLV_Up', 'SPX_Up'})",frozenset({'USO_Up'}),0.3735255570117955,1.0,2.6130136986301373
28,frozenset({'GLD_Same'}),frozenset({'SPX_Up'}),0.4290083005679336,1.0,3.473444613050076
29,frozenset({'SPX_Up'}),frozenset({'GLD_Same'}),0.4290083005679336,1.4901365705614567,3.473444613050076
30,frozenset({'SLV_Up'}),"frozenset({'GLD_Same', 'SPX_Up'})",0.3735255570117955,1.0,2.330957230142566
31,frozenset({'GLD_Same'}),"frozenset({'SLV_Up', 'SPX_Up'})",0.3735255570117955,0.870672097759674,2.330957230142566
32,frozenset({'SPX_Up'}),"frozenset({'SLV_Up', 'GLD_Same'})",0.3735255570117955,1.2974203338391501,3.473444613050076
33,"frozenset({'SLV_Up', 'GLD_Same'})",frozenset({'SPX_Up'}),0.3735255570117955,1.0,3.473444613050076
34,"frozenset({'SLV_Up', 'SPX_Up'})",frozenset({'GLD_Same'}),0.3735255570117955,1.0,2.330957230142566
35,"frozenset({'GLD_Same', 'SPX_Up'})",frozenset({'SLV_Up'}),0.3735255570117955,0.870672097759674,2.330957230142566
36,frozenset({'SLV_Up'}),frozenset({'SPX_Up'}),0.3735255570117955,1.0,3.473444613050076
37,frozenset({'SPX_Up'}),frozenset({'SLV_Up'}),0.3735255570117955,1.2974203338391501,3.473444613050076
38,frozenset({'USO_Up'}),frozenset({'SLV_Same'}),0.382699868938401,1.0,3.5161290322580645
39,frozenset({'SLV_Same'}),frozenset({'USO_Up'}),0.382699868938401,1.345622119815668,3.516129032258064
40,frozenset({'USO_Up'}),"frozenset({'SLV_Same', 'GLD_Same'})",0.4290083005679336,1.1210045662100458,2.6130136986301373
41,frozenset({'SLV_Same'}),"frozenset({'USO_Up', 'GLD_Same'})",0.4290083005679336,1.508448540706605,3.516129032258064
42,frozenset({'GLD_Same'}),"frozenset({'USO_Up', 'SLV_Same'})",0.4290083005679336,1.0,2.6130136986301373
43,"frozenset({'USO_Up', 'SLV_Same'})",frozenset({'GLD_Same'}),0.4290083005679336,1.1210045662100458,2.6130136986301373
44,"frozenset({'USO_Up', 'GLD_Same'})",frozenset({'SLV_Same'}),0.4290083005679336,1.0,3.5161290322580645
45,"frozenset({'SLV_Same', 'GLD_Same'})",frozenset({'USO_Up'}),0.4290083005679336,1.0,2.6130136986301373
46,frozenset({'USO_Up'}),"frozenset({'SLV_Same', 'GLD_Same', 'SPX_Same'})",0.48623853211009177,1.2705479452054795,2.613013698630137
47,frozenset({'SLV_Same'}),"frozenset({'USO_Up', 'GLD_Same', 'SPX_Same'})",0.48623853211009177,1.7096774193548387,3.5161290322580645
48,frozenset({'SPX_Same'}),"frozenset({'USO_Up', 'SLV_Same', 'GLD_Same'})",0.48623853211009177,1.0,2.330957230142566
49,frozenset({'GLD_Same'}),"frozenset({'USO_Up', 'SLV_Same', 'SPX_Same'})",0.48623853211009177,1.1334012219959266,2.330957230142566
50,"frozenset({'USO_Up', 'SLV_Same'})","frozenset({'GLD_Same', 'SPX_Same'})",0.48623853211009177,1.2705479452054795,2.613013698630137
51,"frozenset({'USO_Up', 'SPX_Same'})","frozenset({'SLV_Same', 'GLD_Same'})",0.48623853211009177,1.0,2.330957230142566
52,"frozenset({'USO_Up', 'GLD_Same'})","frozenset({'SLV_Same', 'SPX_Same'})",0.48623853211009177,1.1334012219959266,2.330957230142566
53,"frozenset({'SLV_Same', 'SPX_Same'})","frozenset({'USO_Up', 'GLD_Same'})",0.48623853211009177,1.0,2.330957230142566
54,"frozenset({'SLV_Same', 'GLD_Same'})","frozenset({'USO_Up', 'SPX_Same'})",0.48623853211009177,1.1334012219959266,2.330957230142566
55,"frozenset({'GLD_Same', 'SPX_Same'})","frozenset({'USO_Up', 'SLV_Same'})",0.48623853211009177,1.0,2.6130136986301373
56,"frozenset({'USO_Up', 'SLV_Same', 'SPX_Same'})",frozenset({'GLD_Same'}),0.48623853211009177,1.0,2.330957230142566
57,"frozenset({'USO_Up', 'SLV_Same', 'GLD_Same'})",frozenset({'SPX_Same'}),0.48623853211009177,1.1334012219959266,2.330957230142566
58,"frozenset({'USO_Up', 'GLD_Same', 'SPX_Same'})",frozenset({'SLV_Same'}),0.48623853211009177,1.0,3.5161290322580645
59,"frozenset({'SLV_Same', 'GLD_Same', 'SPX_Same'})",frozenset({'USO_Up'}),0.48623853211009177,1.0,2.6130136986301373
60,frozenset({'USO_Up'}),"frozenset({'SLV_Same', 'SPX_Same'})",0.48623853211009177,1.2705479452054795,2.613013698630137
61,frozenset({'SLV_Same'}),"frozenset({'USO_Up', 'SPX_Same'})",0.48623853211009177,1.7096774193548387,3.5161290322580645
62,frozenset({'SPX_Same'}),"frozenset({'USO_Up', 'SLV_Same'})",0.48623853211009177,1.0,2.6130136986301373
63,"frozenset({'USO_Up', 'SLV_Same'})",frozenset({'SPX_Same'}),0.48623853211009177,1.2705479452054795,2.613013698630137
64,"frozenset({'USO_Up', 'SPX_Same'})",frozenset({'SLV_Same'}),0.48623853211009177,1.0,3.5161290322580645
65,"frozenset({'SLV_Same', 'SPX_Same'})",frozenset({'USO_Up'}),0.48623853211009177,1.0,2.6130136986301373
66,frozenset({'SLV_Same'}),frozenset({'GLD_Same'}),0.4290083005679336,1.508448540706605,3.516129032258064
67,frozenset({'GLD_Same'}),frozenset({'SLV_Same'}),0.4290083005679336,1.0,3.5161290322580645
68,frozenset({'SLV_Same'}),"frozenset({'USO_Down', 'GLD_Same'})",0.3831367409349061,1.34715821812596,3.5161290322580645
69,frozenset({'GLD_Same'}),"frozenset({'SLV_Same', 'USO_Down'})",0.3831367409349061,0.8930753564154786,2.330957230142566
70,frozenset({'USO_Down'}),"frozenset({'SLV_Same', 'GLD_Same'})",0.3831367409349061,1.0,2.330957230142566
71,"frozenset({'SLV_Same', 'GLD_Same'})",frozenset({'USO_Down'}),0.3831367409349061,0.8930753564154786,2.330957230142566
72,"frozenset({'SLV_Same', 'USO_Down'})",frozenset({'GLD_Same'}),0.3831367409349061,1.0,2.330957230142566
73,"frozenset({'USO_Down', 'GLD_Same'})",frozenset({'SLV_Same'}),0.3831367409349061,1.0,3.5161290322580645
74,frozenset({'SLV_Same'}),"frozenset({'USO_Down', 'GLD_Same', 'SPX_Same'})",0.48623853211009177,1.7096774193548387,3.5161290322580645
75,frozenset({'SPX_Same'}),"frozenset({'SLV_Same', 'GLD_Same', 'USO_Down'})",0.48623853211009177,1.0,2.6100342075256555
76,frozenset({'GLD_Same'}),"frozenset({'SLV_Same', 'SPX_Same', 'USO_Down'})",0.48623853211009177,1.1334012219959266,2.330957230142566
77,frozenset({'USO_Down'}),"frozenset({'SLV_Same', 'GLD_Same', 'SPX_Same'})",0.48623853211009177,1.2690992018244014,2.6100342075256555
78,"frozenset({'SLV_Same', 'SPX_Same'})","frozenset({'USO_Down', 'GLD_Same'})",0.48623853211009177,1.0,2.6100342075256555
79,"frozenset({'SLV_Same', 'GLD_Same'})","frozenset({'USO_Down', 'SPX_Same'})",0.48623853211009177,1.1334012219959266,2.330957230142566
80,"frozenset({'SLV_Same', 'USO_Down'})","frozenset({'GLD_Same', 'SPX_Same'})",0.48623853211009177,1.2690992018244014,2.6100342075256555
81,"frozenset({'GLD_Same', 'SPX_Same'})","frozenset({'SLV_Same', 'USO_Down'})",0.48623853211009177,1.0,2.6100342075256555
82,"frozenset({'USO_Down', 'SPX_Same'})","frozenset({'SLV_Same', 'GLD_Same'})",0.48623853211009177,1.0,2.330957230142566
83,"frozenset({'USO_Down', 'GLD_Same'})","frozenset({'SLV_Same', 'SPX_Same'})",0.48623853211009177,1.2690992018244014,2.6100342075256555
84,"frozenset({'SLV_Same', 'GLD_Same', 'SPX_Same'})",frozenset({'USO_Down'}),0.48623853211009177,1.0,2.6100342075256555
85,"frozenset({'SLV_Same', 'SPX_Same', 'USO_Down'})",frozenset({'GLD_Same'}),0.48623853211009177,1.0,2.330957230142566
86,"frozenset({'SLV_Same', 'GLD_Same', 'USO_Down'})",frozenset({'SPX_Same'}),0.48623853211009177,1.2690992018244014,2.6100342075256555
87,"frozenset({'USO_Down', 'GLD_Same', 'SPX_Same'})",frozenset({'SLV_Same'}),0.48623853211009177,1.0,3.5161290322580645
88,frozenset({'SLV_Same'}),"frozenset({'GLD_Same', 'SPX_Same'})",0.48623853211009177,1.7096774193548387,3.5161290322580645
89,frozenset({'SPX_Same'}),"frozenset({'SLV_Same', 'GLD_Same'})",0.48623853211009177,1.0,2.330957230142566
90,frozenset({'GLD_Same'}),"frozenset({'SLV_Same', 'SPX_Same'})",0.48623853211009177,1.1334012219959266,2.330957230142566
91,"frozenset({'SLV_Same', 'SPX_Same'})",frozenset({'GLD_Same'}),0.48623853211009177,1.0,2.330957230142566
92,"frozenset({'SLV_Same', 'GLD_Same'})",frozenset({'SPX_Same'}),0.48623853211009177,1.1334012219959266,2.330957230142566
93,"frozenset({'GLD_Same', 'SPX_Same'})",frozenset({'SLV_Same'}),0.48623853211009177,1.0,3.5161290322580645
94,frozenset({'SLV_Same'}),frozenset({'USO_Down'}),0.3831367409349061,1.34715821812596,3.5161290322580645
95,frozenset({'USO_Down'}),frozenset({'SLV_Same'}),0.3831367409349061,1.0,3.5161290322580645
96,frozenset({'SLV_Same'}),"frozenset({'USO_Down', 'SPX_Same'})",0.48623853211009177,1.7096774193548387,3.5161290322580645
97,frozenset({'SPX_Same'}),"frozenset({'SLV_Same', 'USO_Down'})",0.48623853211009177,1.0,2.6100342075256555
98,frozenset({'USO_Down'}),"frozenset({'SLV_Same', 'SPX_Same'})",0.48623853211009177,1.2690992018244014,2.6100342075256555
99,"frozenset({'SLV_Same', 'SPX_Same'})",frozenset({'USO_Down'}),0.48623853211009177,1.0,2.6100342075256555
100,"frozenset({'SLV_Same', 'USO_Down'})",frozenset({'SPX_Same'}),0.48623853211009177,1.2690992018244014,2.6100342075256555
101,"frozenset({'USO_Down', 'SPX_Same'})",frozenset({'SLV_Same'}),0.48623853211009177,1.0,3.5161290322580645
102,frozenset({'SLV_Same'}),frozenset({'SPX_Same'}),0.48623853211009177,1.7096774193548387,3.5161290322580645
103,frozenset({'SPX_Same'}),frozenset({'SLV_Same'}),0.48623853211009177,1.0,3.5161290322580645
104,frozenset({'USO_Up'}),frozenset({'GLD_Same'}),0.4290083005679336,1.1210045662100458,2.6130136986301373
105,frozenset({'GLD_Same'}),frozenset({'USO_Up'}),0.4290083005679336,1.0,2.6130136986301373
106,frozenset({'USO_Up'}),"frozenset({'GLD_Same', 'SPX_Same'})",0.48623853211009177,1.2705479452054795,2.613013698630137
107,frozenset({'SPX_Same'}),"frozenset({'USO_Up', 'GLD_Same'})",0.48623853211009177,1.0,2.330957230142566
108,frozenset({'GLD_Same'}),"frozenset({'USO_Up', 'SPX_Same'})",0.48623853211009177,1.1334012219959266,2.330957230142566
109,"frozenset({'USO_Up', 'SPX_Same'})",frozenset({'GLD_Same'}),0.48623853211009177,1.0,2.330957230142566
110,"frozenset({'USO_Up', 'GLD_Same'})",frozenset({'SPX_Same'}),0.48623853211009177,1.1334012219959266,2.330957230142566
111,"frozenset({'GLD_Same', 'SPX_Same'})",frozenset({'USO_Up'}),0.48623853211009177,1.0,2.6130136986301373
112,frozenset({'USO_Up'}),"frozenset({'GLD_Same', 'SLV_Up', 'SPX_Same'})",0.3735255570117955,0.976027397260274,2.6130136986301373
113,frozenset({'SLV_Up'}),"frozenset({'USO_Up', 'GLD_Same', 'SPX_Same'})",0.3735255570117955,1.0,2.0566037735849054
114,frozenset({'SPX_Same'}),"frozenset({'USO_Up', 'SLV_Up', 'GLD_Same'})",0.3735255570117955,0.7681940700808625,2.056603773584906
115,frozenset({'GLD_Same'}),"frozenset({'USO_Up', 'SLV_Up', 'SPX_Same'})",0.3735255570117955,0.870672097759674,2.330957230142566
116,"frozenset({'USO_Up', 'SLV_Up'})","frozenset({'GLD_Same', 'SPX_Same'})",0.3735255570117955,1.0,2.0566037735849054
117,"frozenset({'USO_Up', 'SPX_Same'})","frozenset({'SLV_Up', 'GLD_Same'})",0.3735255570117955,0.7681940700808625,2.056603773584906
118,"frozenset({'USO_Up', 'GLD_Same'})","frozenset({'SLV_Up', 'SPX_Same'})",0.3735255570117955,0.870672097759674,2.330957230142566
119,"frozenset({'SLV_Up', 'SPX_Same'})","frozenset({'USO_Up', 'GLD_Same'})",0.3735255570117955,1.0,2.330957230142566
120,"frozenset({'SLV_Up', 'GLD_Same'})","frozenset({'USO_Up', 'SPX_Same'})",0.3735255570117955,1.0,2.0566037735849054
121,"frozenset({'GLD_Same', 'SPX_Same'})","frozenset({'USO_Up', 'SLV_Up'})",0.3735255570117955,0.7681940700808625,2.056603773584906
122,"frozenset({'USO_Up', 'SLV_Up', 'SPX_Same'})",frozenset({'GLD_Same'}),0.3735255570117955,1.0,2.330957230142566
123,"frozenset({'USO_Up', 'SLV_Up', 'GLD_Same'})",frozenset({'SPX_Same'}),0.3735255570117955,1.0,2.0566037735849054
124,"frozenset({'USO_Up', 'GLD_Same', 'SPX_Same'})",frozenset({'SLV_Up'}),0.3735255570117955,0.7681940700808625,2.056603773584906
125,"frozenset({'GLD_Same', 'SLV_Up', 'SPX_Same'})",frozenset({'USO_Up'}),0.3735255570117955,1.0,2.6130136986301373
126,frozenset({'USO_Up'}),"frozenset({'SLV_Up', 'GLD_Same'})",0.3735255570117955,0.976027397260274,2.6130136986301373
127,frozenset({'SLV_Up'}),"frozenset({'USO_Up', 'GLD_Same'})",0.3735255570117955,1.0,2.330957230142566
128,frozenset({'GLD_Same'}),"frozenset({'USO_Up', 'SLV_Up'})",0.3735255570117955,0.870672097759674,2.330957230142566
129,"frozenset({'USO_Up', 'SLV_Up'})",frozenset({'GLD_Same'}),0.3735255570117955,1.0,2.330957230142566
130,"frozenset({'USO_Up', 'GLD_Same'})",frozenset({'SLV_Up'}),0.3735255570117955,0.870672097759674,2.330957230142566
131,"frozenset({'SLV_Up', 'GLD_Same'})",frozenset({'USO_Up'}),0.3735255570117955,1.0,2.6130136986301373
132,frozenset({'USO_Up'}),frozenset({'SPX_Same'}),0.48623853211009177,1.2705479452054795,2.613013698630137
133,frozenset({'SPX_Same'}),frozenset({'USO_Up'}),0.48623853211009177,1.0,2.6130136986301373
134,frozenset({'USO_Up'}),"frozenset({'GLD_Up', 'SPX_Same'})",0.2961992136304063,0.7739726027397261,2.6130136986301373
135,frozenset({'GLD_Up'}),"frozenset({'USO_Up', 'SPX_Same'})",0.2961992136304063,1.0,2.0566037735849054
136,"frozenset({'USO_Up', 'GLD_Up'})",frozenset({'SPX_Same'}),0.2961992136304063,1.0,2.0566037735849054
137,"frozenset({'GLD_Up', 'SPX_Same'})",frozenset({'USO_Up'}),0.2961992136304063,1.0,2.6130136986301373
138,frozenset({'USO_Up'}),"frozenset({'GLD_Up', 'SLV_Up', 'SPX_Same'})",0.3735255570117955,0.976027397260274,2.6130136986301373
139,frozenset({'GLD_Up'}),"frozenset({'USO_Up', 'SLV_Up', 'SPX_Same'})",0.3735255570117955,1.2610619469026547,3.3761061946902653
140,frozenset({'SLV_Up'}),"frozenset({'USO_Up', 'GLD_Up', 'SPX_Same'})",0.3735255570117955,1.0,3.3761061946902653
141,frozenset({'SPX_Same'}),"frozenset({'USO_Up', 'GLD_Up', 'SLV_Up'})",0.3735255570117955,0.7681940700808625,2.056603773584906
142,"frozenset({'USO_Up', 'GLD_Up'})","frozenset({'SLV_Up', 'SPX_Same'})",0.3735255570117955,1.2610619469026547,3.3761061946902653
143,"frozenset({'USO_Up', 'SLV_Up'})","frozenset({'GLD_Up', 'SPX_Same'})",0.3735255570117955,1.0,3.3761061946902653
144,"frozenset({'USO_Up', 'SPX_Same'})","frozenset({'GLD_Up', 'SLV_Up'})",0.3735255570117955,0.7681940700808625,2.056603773584906
145,"frozenset({'GLD_Up', 'SLV_Up'})","frozenset({'USO_Up', 'SPX_Same'})",0.3735255570117955,1.0,2.0566037735849054
146,"frozenset({'GLD_Up', 'SPX_Same'})","frozenset({'USO_Up', 'SLV_Up'})",0.3735255570117955,1.2610619469026547,3.3761061946902653
147,"frozenset({'SLV_Up', 'SPX_Same'})","frozenset({'USO_Up', 'GLD_Up'})",0.3735255570117955,1.0,3.3761061946902653
148,"frozenset({'USO_Up', 'GLD_Up', 'SLV_Up'})",frozenset({'SPX_Same'}),0.3735255570117955,1.0,2.0566037735849054
149,"frozenset({'USO_Up', 'GLD_Up', 'SPX_Same'})",frozenset({'SLV_Up'}),0.3735255570117955,1.2610619469026547,3.3761061946902653
150,"frozenset({'USO_Up', 'SLV_Up', 'SPX_Same'})",frozenset({'GLD_Up'}),0.3735255570117955,1.0,3.3761061946902653
151,"frozenset({'GLD_Up', 'SLV_Up', 'SPX_Same'})",frozenset({'USO_Up'}),0.3735255570117955,1.0,2.6130136986301373
152,frozenset({'USO_Up'}),"frozenset({'SLV_Up', 'SPX_Same'})",0.3735255570117955,0.976027397260274,2.6130136986301373
153,frozenset({'SLV_Up'}),"frozenset({'USO_Up', 'SPX_Same'})",0.3735255570117955,1.0,2.0566037735849054
154,frozenset({'SPX_Same'}),"frozenset({'USO_Up', 'SLV_Up'})",0.3735255570117955,0.7681940700808625,2.056603773584906
155,"frozenset({'USO_Up', 'SLV_Up'})",frozenset({'SPX_Same'}),0.3735255570117955,1.0,2.0566037735849054
156,"frozenset({'USO_Up', 'SPX_Same'})",frozenset({'SLV_Up'}),0.3735255570117955,0.7681940700808625,2.056603773584906
157,"frozenset({'SLV_Up', 'SPX_Same'})",frozenset({'USO_Up'}),0.3735255570117955,1.0,2.6130136986301373
158,frozenset({'USO_Up'}),frozenset({'GLD_Up'}),0.2961992136304063,0.7739726027397261,2.6130136986301373
159,frozenset({'GLD_Up'}),frozenset({'USO_Up'}),0.2961992136304063,1.0,2.6130136986301373
160,frozenset({'USO_Up'}),"frozenset({'GLD_Up', 'SLV_Up'})",0.3735255570117955,0.976027397260274,2.6130136986301373
161,frozenset({'GLD_Up'}),"frozenset({'USO_Up', 'SLV_Up'})",0.3735255570117955,1.2610619469026547,3.3761061946902653
162,frozenset({'SLV_Up'}),"frozenset({'USO_Up', 'GLD_Up'})",0.3735255570117955,1.0,3.3761061946902653
163,"frozenset({'USO_Up', 'GLD_Up'})",frozenset({'SLV_Up'}),0.3735255570117955,1.2610619469026547,3.3761061946902653
164,"frozenset({'USO_Up', 'SLV_Up'})",frozenset({'GLD_Up'}),0.3735255570117955,1.0,3.3761061946902653
165,"frozenset({'GLD_Up', 'SLV_Up'})",frozenset({'USO_Up'}),0.3735255570117955,1.0,2.6130136986301373
166,frozenset({'USO_Up'}),frozenset({'SLV_Up'}),0.3735255570117955,0.976027397260274,2.6130136986301373
167,frozenset({'SLV_Up'}),frozenset({'USO_Up'}),0.3735255570117955,1.0,2.6130136986301373
168,frozenset({'USO_Down'}),frozenset({'GLD_Same'}),0.3831367409349061,1.0,2.330957230142566
169,frozenset({'GLD_Same'}),frozenset({'USO_Down'}),0.3831367409349061,0.8930753564154786,2.330957230142566
170,frozenset({'USO_Down'}),"frozenset({'SLV_Down', 'GLD_Same'})",0.3420707732634338,0.8928164196123147,2.6100342075256555
171,frozenset({'SLV_Down'}),"frozenset({'USO_Down', 'GLD_Same'})",0.3420707732634338,1.0,2.6100342075256555
172,frozenset({'GLD_Same'}),"frozenset({'USO_Down', 'SLV_Down'})",0.3420707732634338,0.7973523421588595,2.3309572301425665
173,"frozenset({'USO_Down', 'SLV_Down'})",frozenset({'GLD_Same'}),0.3420707732634338,1.0,2.330957230142566
174,"frozenset({'USO_Down', 'GLD_Same'})",frozenset({'SLV_Down'}),0.3420707732634338,0.8928164196123147,2.6100342075256555
175,"frozenset({'SLV_Down', 'GLD_Same'})",frozenset({'USO_Down'}),0.3420707732634338,1.0,2.6100342075256555
176,frozenset({'USO_Down'}),"frozenset({'GLD_Same', 'SLV_Down', 'SPX_Same'})",0.48623853211009177,1.2690992018244014,2.6100342075256555
177,frozenset({'SLV_Down'}),"frozenset({'USO_Down', 'GLD_Same', 'SPX_Same'})",0.48623853211009177,1.421455938697318,2.9233716475095783
178,frozenset({'SPX_Same'}),"frozenset({'USO_Down', 'SLV_Down', 'GLD_Same'})",0.48623853211009177,1.0,2.9233716475095783
179,frozenset({'GLD_Same'}),"frozenset({'USO_Down', 'SLV_Down', 'SPX_Same'})",0.48623853211009177,1.1334012219959266,2.330957230142566
180,"frozenset({'USO_Down', 'SLV_Down'})","frozenset({'GLD_Same', 'SPX_Same'})",0.48623853211009177,1.421455938697318,2.9233716475095783
181,"frozenset({'USO_Down', 'SPX_Same'})","frozenset({'SLV_Down', 'GLD_Same'})",0.48623853211009177,1.0,2.9233716475095783
182,"frozenset({'USO_Down', 'GLD_Same'})","frozenset({'SLV_Down', 'SPX_Same'})",0.48623853211009177,1.2690992018244014,2.6100342075256555
183,"frozenset({'SLV_Down', 'SPX_Same'})","frozenset({'USO_Down', 'GLD_Same'})",0.48623853211009177,1.0,2.6100342075256555
184,"frozenset({'SLV_Down', 'GLD_Same'})","frozenset({'USO_Down', 'SPX_Same'})",0.48623853211009177,1.421455938697318,2.9233716475095783
185,"frozenset({'GLD_Same', 'SPX_Same'})","frozenset({'USO_Down', 'SLV_Down'})",0.48623853211009177,1.0,2.9233716475095783
186,"frozenset({'USO_Down', 'SLV_Down', 'SPX_Same'})",frozenset({'GLD_Same'}),0.48623853211009177,1.0,2.330957230142566
187,"frozenset({'USO_Down', 'SLV_Down', 'GLD_Same'})",frozenset({'SPX_Same'}),0.48623853211009177,1.421455938697318,2.9233716475095783
188,"frozenset({'USO_Down', 'GLD_Same', 'SPX_Same'})",frozenset({'SLV_Down'}),0.48623853211009177,1.0,2.9233716475095783
189,"frozenset({'GLD_Same', 'SLV_Down', 'SPX_Same'})",frozenset({'USO_Down'}),0.48623853211009177,1.0,2.6100342075256555
190,frozenset({'USO_Down'}),"frozenset({'GLD_Same', 'SPX_Same'})",0.48623853211009177,1.2690992018244014,2.6100342075256555
191,frozenset({'SPX_Same'}),"frozenset({'USO_Down', 'GLD_Same'})",0.48623853211009177,1.0,2.6100342075256555
192,frozenset({'GLD_Same'}),"frozenset({'USO_Down', 'SPX_Same'})",0.48623853211009177,1.1334012219959266,2.330957230142566
193,"frozenset({'USO_Down', 'SPX_Same'})",frozenset({'GLD_Same'}),0.48623853211009177,1.0,2.330957230142566
194,"frozenset({'USO_Down', 'GLD_Same'})",frozenset({'SPX_Same'}),0.48623853211009177,1.2690992018244014,2.6100342075256555
195,"frozenset({'GLD_Same', 'SPX_Same'})",frozenset({'USO_Down'}),0.48623853211009177,1.0,2.6100342075256555
196,frozenset({'SLV_Down'}),frozenset({'GLD_Same'}),0.3420707732634338,1.0,2.330957230142566
197,frozenset({'GLD_Same'}),frozenset({'SLV_Down'}),0.3420707732634338,0.7973523421588595,2.3309572301425665
198,frozenset({'SLV_Down'}),"frozenset({'GLD_Same', 'SPX_Same'})",0.48623853211009177,1.421455938697318,2.9233716475095783
199,frozenset({'SPX_Same'}),"frozenset({'SLV_Down', 'GLD_Same'})",0.48623853211009177,1.0,2.9233716475095783
200,frozenset({'GLD_Same'}),"frozenset({'SLV_Down', 'SPX_Same'})",0.48623853211009177,1.1334012219959266,2.330957230142566
201,"frozenset({'SLV_Down', 'SPX_Same'})",frozenset({'GLD_Same'}),0.48623853211009177,1.0,2.330957230142566
202,"frozenset({'SLV_Down', 'GLD_Same'})",frozenset({'SPX_Same'}),0.48623853211009177,1.421455938697318,2.9233716475095783
203,"frozenset({'GLD_Same', 'SPX_Same'})",frozenset({'SLV_Down'}),0.48623853211009177,1.0,2.9233716475095783
204,frozenset({'SPX_Same'}),frozenset({'GLD_Same'}),0.48623853211009177,1.0,2.330957230142566
205,frozenset({'GLD_Same'}),frozenset({'SPX_Same'}),0.48623853211009177,1.1334012219959266,2.330957230142566
206,frozenset({'USO_Same'}),"frozenset({'GLD_Same', 'SPX_Same'})",0.23416339012669288,1.0,2.0566037735849054
207,"frozenset({'USO_Same', 'SPX_Same'})",frozenset({'GLD_Same'}),0.23416339012669288,1.0,2.330957230142566
208,"frozenset({'USO_Same', 'GLD_Same'})",frozenset({'SPX_Same'}),0.23416339012669288,1.0,2.0566037735849054
209,frozenset({'SLV_Up'}),"frozenset({'GLD_Same', 'SPX_Same'})",0.3735255570117955,1.0,2.0566037735849054
210,frozenset({'SPX_Same'}),"frozenset({'SLV_Up', 'GLD_Same'})",0.3735255570117955,0.7681940700808625,2.056603773584906
211,frozenset({'GLD_Same'}),"frozenset({'SLV_Up', 'SPX_Same'})",0.3735255570117955,0.870672097759674,2.330957230142566
212,"frozenset({'SLV_Up', 'SPX_Same'})",frozenset({'GLD_Same'}),0.3735255570117955,1.0,2.330957230142566
213,"frozenset({'SLV_Up', 'GLD_Same'})",frozenset({'SPX_Same'}),0.3735255570117955,1.0,2.0566037735849054
214,"frozenset({'GLD_Same', 'SPX_Same'})",frozenset({'SLV_Up'}),0.3735255570117955,0.7681940700808625,2.056603773584906
215,frozenset({'USO_Same'}),frozenset({'GLD_Same'}),0.23416339012669288,1.0,2.330957230142566
216,frozenset({'SLV_Up'}),frozenset({'GLD_Same'}),0.3735255570117955,1.0,2.330957230142566
217,frozenset({'GLD_Same'}),frozenset({'SLV_Up'}),0.3735255570117955,0.870672097759674,2.330957230142566
218,frozenset({'USO_Down'}),frozenset({'GLD_Down'}),0.3831367409349061,1.0,3.6391096979332276
219,frozenset({'GLD_Down'}),frozenset({'USO_Down'}),0.3831367409349061,1.3942766295707474,3.6391096979332276
220,frozenset({'USO_Down'}),"frozenset({'SLV_Down', 'GLD_Down'})",0.3420707732634338,0.8928164196123147,2.6100342075256555
221,frozenset({'SLV_Down'}),"frozenset({'USO_Down', 'GLD_Down'})",0.3420707732634338,1.0,2.6100342075256555
222,frozenset({'GLD_Down'}),"frozenset({'USO_Down', 'SLV_Down'})",0.3420707732634338,1.2448330683624802,3.6391096979332276
223,"frozenset({'USO_Down', 'SLV_Down'})",frozenset({'GLD_Down'}),0.3420707732634338,1.0,3.6391096979332276
224,"frozenset({'USO_Down', 'GLD_Down'})",frozenset({'SLV_Down'}),0.3420707732634338,0.8928164196123147,2.6100342075256555
225,"frozenset({'SLV_Down', 'GLD_Down'})",frozenset({'USO_Down'}),0.3420707732634338,1.0,2.6100342075256555
226,frozenset({'USO_Down'}),"frozenset({'SLV_Down', 'SPX_Same', 'GLD_Down'})",0.48623853211009177,1.2690992018244014,2.6100342075256555
227,frozenset({'SLV_Down'}),"frozenset({'USO_Down', 'SPX_Same', 'GLD_Down'})",0.48623853211009177,1.421455938697318,2.9233716475095783
228,frozenset({'SPX_Same'}),"frozenset({'USO_Down', 'SLV_Down', 'GLD_Down'})",0.48623853211009177,1.0,2.9233716475095783
229,frozenset({'GLD_Down'}),"frozenset({'USO_Down', 'SLV_Down', 'SPX_Same'})",0.48623853211009177,1.769475357710652,3.639109697933227
230,"frozenset({'USO_Down', 'SLV_Down'})","frozenset({'SPX_Same', 'GLD_Down'})",0.48623853211009177,1.421455938697318,2.9233716475095783
231,"frozenset({'USO_Down', 'SPX_Same'})","frozenset({'SLV_Down', 'GLD_Down'})",0.48623853211009177,1.0,2.9233716475095783
232,"frozenset({'USO_Down', 'GLD_Down'})","frozenset({'SLV_Down', 'SPX_Same'})",0.48623853211009177,1.2690992018244014,2.6100342075256555
233,"frozenset({'SLV_Down', 'SPX_Same'})","frozenset({'USO_Down', 'GLD_Down'})",0.48623853211009177,1.0,2.6100342075256555
234,"frozenset({'SLV_Down', 'GLD_Down'})","frozenset({'USO_Down', 'SPX_Same'})",0.48623853211009177,1.421455938697318,2.9233716475095783
235,"frozenset({'SPX_Same', 'GLD_Down'})","frozenset({'USO_Down', 'SLV_Down'})",0.48623853211009177,1.0,2.9233716475095783
236,"frozenset({'USO_Down', 'SLV_Down', 'SPX_Same'})",frozenset({'GLD_Down'}),0.48623853211009177,1.0,3.6391096979332276
237,"frozenset({'USO_Down', 'SLV_Down', 'GLD_Down'})",frozenset({'SPX_Same'}),0.48623853211009177,1.421455938697318,2.9233716475095783
238,"frozenset({'USO_Down', 'SPX_Same', 'GLD_Down'})",frozenset({'SLV_Down'}),0.48623853211009177,1.0,2.9233716475095783
239,"frozenset({'SLV_Down', 'SPX_Same', 'GLD_Down'})",frozenset({'USO_Down'}),0.48623853211009177,1.0,2.6100342075256555
240,frozenset({'USO_Down'}),"frozenset({'SPX_Same', 'GLD_Down'})",0.48623853211009177,1.2690992018244014,2.6100342075256555
241,frozenset({'SPX_Same'}),"frozenset({'USO_Down', 'GLD_Down'})",0.48623853211009177,1.0,2.6100342075256555
242,frozenset({'GLD_Down'}),"frozenset({'USO_Down', 'SPX_Same'})",0.48623853211009177,1.769475357710652,3.639109697933227
243,"frozenset({'USO_Down', 'SPX_Same'})",frozenset({'GLD_Down'}),0.48623853211009177,1.0,3.6391096979332276
244,"frozenset({'USO_Down', 'GLD_Down'})",frozenset({'SPX_Same'}),0.48623853211009177,1.2690992018244014,2.6100342075256555
245,"frozenset({'SPX_Same', 'GLD_Down'})",frozenset({'USO_Down'}),0.48623853211009177,1.0,2.6100342075256555
246,frozenset({'SLV_Down'}),frozenset({'GLD_Down'}),0.3420707732634338,1.0,3.6391096979332276
247,frozenset({'GLD_Down'}),frozenset({'SLV_Down'}),0.3420707732634338,1.2448330683624802,3.6391096979332276
248,frozenset({'SLV_Down'}),"frozenset({'SPX_Same', 'GLD_Down'})",0.48623853211009177,1.421455938697318,2.9233716475095783
249,frozenset({'SPX_Same'}),"frozenset({'SLV_Down', 'GLD_Down'})",0.48623853211009177,1.0,2.9233716475095783
250,frozenset({'GLD_Down'}),"frozenset({'SLV_Down', 'SPX_Same'})",0.48623853211009177,1.769475357710652,3.639109697933227
251,"frozenset({'SLV_Down', 'SPX_Same'})",frozenset({'GLD_Down'}),0.48623853211009177,1.0,3.6391096979332276
252,"frozenset({'SLV_Down', 'GLD_Down'})",frozenset({'SPX_Same'}),0.48623853211009177,1.421455938697318,2.9233716475095783
253,"frozenset({'SPX_Same', 'GLD_Down'})",frozenset({'SLV_Down'}),0.48623853211009177,1.0,2.9233716475095783
254,frozenset({'SPX_Same'}),frozenset({'GLD_Down'}),0.48623853211009177,1.0,3.6391096979332276
255,frozenset({'GLD_Down'}),frozenset({'SPX_Same'}),0.48623853211009177,1.769475357710652,3.639109697933227
256,frozenset({'USO_Down'}),frozenset({'SPX_Down'}),0.3831367409349061,1.0,4.427466150870406
257,frozenset({'SPX_Down'}),frozenset({'USO_Down'}),0.3831367409349061,1.6963249516441006,4.427466150870406
258,frozenset({'SLV_Down'}),"frozenset({'USO_Down', 'SPX_Down'})",0.3420707732634338,1.0,2.6100342075256555
259,frozenset({'USO_Down'}),"frozenset({'SPX_Down', 'SLV_Down'})",0.3420707732634338,0.8928164196123147,2.6100342075256555
260,frozenset({'SPX_Down'}),"frozenset({'USO_Down', 'SLV_Down'})",0.3420707732634338,1.514506769825919,4.427466150870407
261,"frozenset({'USO_Down', 'SLV_Down'})",frozenset({'SPX_Down'}),0.3420707732634338,1.0,4.427466150870406
262,"frozenset({'SPX_Down', 'SLV_Down'})",frozenset({'USO_Down'}),0.3420707732634338,1.0,2.6100342075256555
263,"frozenset({'USO_Down', 'SPX_Down'})",frozenset({'SLV_Down'}),0.3420707732634338,0.8928164196123147,2.6100342075256555
264,frozenset({'SLV_Down'}),frozenset({'SPX_Down'}),0.3420707732634338,1.0,4.427466150870406
265,frozenset({'SPX_Down'}),frozenset({'SLV_Down'}),0.3420707732634338,1.514506769825919,4.427466150870407
266,frozenset({'USO_Down'}),frozenset({'SLV_Down'}),0.3420707732634338,0.8928164196123147,2.6100342075256555
267,frozenset({'SLV_Down'}),frozenset({'USO_Down'}),0.3420707732634338,1.0,2.6100342075256555
268,frozenset({'USO_Down'}),"frozenset({'SLV_Down', 'SPX_Same'})",0.48623853211009177,1.2690992018244014,2.6100342075256555
269,frozenset({'SLV_Down'}),"frozenset({'USO_Down', 'SPX_Same'})",0.48623853211009177,1.421455938697318,2.9233716475095783
270,frozenset({'SPX_Same'}),"frozenset({'USO_Down', 'SLV_Down'})",0.48623853211009177,1.0,2.9233716475095783
271,"frozenset({'USO_Down', 'SLV_Down'})",frozenset({'SPX_Same'}),0.48623853211009177,1.421455938697318,2.9233716475095783
272,"frozenset({'USO_Down', 'SPX_Same'})",frozenset({'SLV_Down'}),0.48623853211009177,1.0,2.9233716475095783
273,"frozenset({'SLV_Down', 'SPX_Same'})",frozenset({'USO_Down'}),0.48623853211009177,1.0,2.6100342075256555
274,frozenset({'USO_Down'}),frozenset({'SPX_Same'}),0.48623853211009177,1.2690992018244014,2.6100342075256555
275,frozenset({'SPX_Same'}),frozenset({'USO_Down'}),0.48623853211009177,1.0,2.6100342075256555
276,frozenset({'SLV_Down'}),frozenset({'SPX_Same'}),0.48623853211009177,1.421455938697318,2.9233716475095783
277,frozenset({'SPX_Same'}),frozenset({'SLV_Down'}),0.48623853211009177,1.0,2.9233716475095783
278,frozenset({'USO_Same'}),frozenset({'SPX_Same'}),0.23416339012669288,1.0,2.0566037735849054
279,frozenset({'GLD_Up'}),frozenset({'SPX_Same'}),0.2961992136304063,1.0,2.0566037735849054
280,frozenset({'GLD_Up'}),"frozenset({'SLV_Up', 'SPX_Same'})",0.3735255570117955,1.2610619469026547,3.3761061946902653
281,frozenset({'SLV_Up'}),"frozenset({'GLD_Up', 'SPX_Same'})",0.3735255570117955,1.0,3.3761061946902653
282,frozenset({'SPX_Same'}),"frozenset({'GLD_Up', 'SLV_Up'})",0.3735255570117955,0.7681940700808625,2.056603773584906
283,"frozenset({'GLD_Up', 'SLV_Up'})",frozenset({'SPX_Same'}),0.3735255570117955,1.0,2.0566037735849054
284,"frozenset({'GLD_Up', 'SPX_Same'})",frozenset({'SLV_Up'}),0.3735255570117955,1.2610619469026547,3.3761061946902653
285,"frozenset({'SLV_Up', 'SPX_Same'})",frozenset({'GLD_Up'}),0.3735255570117955,1.0,3.3761061946902653
286,frozenset({'SLV_Up'}),frozenset({'SPX_Same'}),0.3735255570117955,1.0,2.0566037735849054
287,frozenset({'SPX_Same'}),frozenset({'SLV_Up'}),0.3735255570117955,0.7681940700808625,2.056603773584906
288,frozenset({'GLD_Up'}),frozenset({'SLV_Up'}),0.3735255570117955,1.2610619469026547,3.3761061946902653
289,frozenset({'SLV_Up'}),frozenset({'GLD_Up'}),0.3735255570117955,1.0,3.3761061946902653
